Sex,Age,Mother job,Father job,Travel time,Hosteller,Study time,subjects_failed,edu_support,Extra paid,Extracurricular,higher_edu,Internet,"Free time  after college (1 less, 5 more)","Going out with friends (1 less, 5 more)",Health,10(%),12(%),1st sem,2nd sem,3rd sem
Female,22,at_home,teacher,25,yes,5,1,no,no,no,yes,no,3,4,3,91.36,67,54.58,53.75,53.27
Female,21,at_home,other,120,yes,2,2,yes,no,no,yes,yes,3,3,3,87.86,75,55.76,66.25,56.47
Female,21,at_home,other,45,no,3,2,no,yes,no,yes,yes,3,2,3,83.84,70.92,52.58,63.5,42.11
Female,22,health,services,0,no,4,0,yes,yes,yes,yes,yes,2,2,5,86.4,87,74.35,81.87,66
Female,21,other,other,20,no,6,1,yes,yes,no,yes,no,3,2,5,71,75,60,63.5,49.49
Male,22,services,other,45,yes,3,2,yes,yes,yes,yes,yes,4,2,5,86.4,75.2,60.7,67.14,55.76
Female,21,other,other,50,no,1,0,no,no,no,yes,yes,4,4,3,79.89,84.5,74.42,67.73,65.64
Male,22,other,teacher,110,no,3,0,yes,no,no,yes,no,1,4,1,64,66,78.14,66.4,64.35
Female,21,services,other,300,no,8,0,yes,yes,no,yes,yes,2,2,1,88,87.33,72.85,66.26,61.04
Female,21,other,other,10,yes,6,0,yes,yes,yes,yes,yes,5,1,5,87.04,76.33,68.47,63.33,60.58
Female,21,teacher,health,45,no,1,0,yes,yes,no,yes,yes,3,3,2,91,76,74.71,56,60.48
Female,21,services,other,15,no,8,0,yes,no,yes,yes,yes,2,2,4,68.7,80.01,65.14,67.6,67.88
Female,21,health,services,0,no,8,0,yes,yes,yes,yes,yes,3,3,5,88.48,85,88.57,79.86,81.05
Female,21,teacher,other,0,yes,2,0,yes,yes,no,yes,yes,4,3,3,73,70,69.14,57.86,57.88
Female,22,other,other,0,yes,2,0,yes,no,no,yes,yes,5,2,3,79.66,72,72.57,66.4,72.35
Female,21,health,other,90,no,2,0,yes,no,no,yes,yes,4,4,2,83.84,86.33,64.85,58,45.05
Female,21,services,services,15,no,3,0,yes,yes,yes,yes,yes,2,3,2,88.48,75,67.85,59.2,55.05
Female,21,other,other,100,yes,2,0,yes,no,yes,yes,no,3,2,4,84.8,88.8,78.3,73.66,69.04
Female,22,services,services,90,no,2,0,yes,no,yes,yes,yes,5,5,5,93.92,86.5,69.25,72.53,63.29
Female,21,health,other,0,no,2,0,no,yes,yes,yes,yes,1,3,5,97.04,85,70,69.33,54.82
Female,21,teacher,other,0,yes,2,2,no,no,no,yes,yes,4,1,1,86,69,57.57,54.93,45.04
Female,22,health,health,50,no,2,0,yes,yes,no,yes,yes,4,2,5,87.52,84.5,76.57,73.06,65.88
Male,22,teacher,other,50,no,2,0,no,no,yes,yes,yes,5,1,5,82.56,72.16,74.71,76.26,72.35
Female,22,other,other,15,no,2,0,yes,no,yes,yes,yes,4,4,5,88,81,70,68.66,67.7
Male,22,services,health,40,no,3,0,yes,yes,yes,yes,yes,3,2,5,85.6,80.83,79.42,76.53,69.17
Male,21,services,services,30,no,1,0,yes,yes,no,yes,yes,2,2,5,89,80,70.28,67.2,47.64
Female,21,other,other,40,yes,2,0,yes,yes,no,yes,yes,2,2,5,85.44,60.666,48.85,57.46,48.82
Female,21,health,services,25,no,3,1,no,yes,no,yes,yes,2,4,1,84,60,53.28,57.6,44.11
Female,22,services,other,20,no,1,0,yes,no,yes,yes,yes,3,3,5,90.08,59,59,59.73,53.29
Female,21,teacher,teacher,10,no,3,0,yes,yes,yes,yes,yes,4,5,5,81.92,72,59.28,67.73,62.95
Male,22,health,services,180,no,2,0,yes,yes,no,yes,yes,4,2,5,67.5,82.33,72.85,59.72,50.82
Female,22,services,services,0,no,1,0,yes,no,yes,yes,yes,3,1,5,90.72,81,70.42,59.86,58
Female,21,teacher,at_home,90,yes,1,0,yes,no,yes,yes,yes,5,2,5,90.24,73,72.57,62.8,48.94
Female,22,other,other,0,no,2,0,no,no,yes,yes,yes,3,2,2,83.33,84.44,65.14,61.86,50.35
Female,22,other,other,45,no,1,0,yes,yes,no,yes,yes,4,3,5,88,77,77.29,72.06,70
Female,21,other,other,0,no,2,0,yes,no,yes,yes,no,5,1,5,92,63,65.7,57.46,54.23
Female,21,teacher,services,30,yes,2,0,yes,no,yes,yes,yes,4,3,4,93.76,80.33,76.85,74,66.35
Male,21,other,teacher,20,yes,3,0,yes,no,yes,yes,yes,4,3,5,93,85.5,67.28,64.93,57.29
Male,21,services,health,22,no,1,0,yes,yes,yes,yes,yes,3,2,5,90.08,79,76.14,74.13,69.17
Male,22,at_home,other,25,yes,1,0,yes,yes,yes,yes,no,3,1,2,86.5,76.63,64.42,62.66,56.94
Male,21,other,other,63,yes,1,0,yes,no,yes,yes,yes,3,3,3,72,78.2,62.85,70.4,68.35
Female,21,teacher,other,58,no,2,0,yes,no,no,yes,yes,4,3,5,60.16,58.16,52.71,58.6,55.76
Female,22,services,teacher,45,no,2,0,yes,no,yes,yes,yes,3,3,5,70.24,73,60.71,57.86,48.7
Female,21,services,services,65,yes,2,0,yes,no,no,yes,yes,4,1,1,90.72,78.33,65.42,60.93,52.58
Male,23,other,at_home,87,no,2,0,no,no,yes,yes,yes,3,3,5,63,62.66,57.14,58.66,52.82
Female,22,other,other,43,no,2,0,yes,yes,yes,yes,yes,2,2,5,93.2,81.33,69,74.4,69.17
Female,21,other,services,56,no,2,0,yes,no,no,yes,yes,3,5,3,87.68,87.33,81.85,82,75.52
Female,21,health,services,98,no,1,0,no,no,yes,yes,yes,2,2,2,94.8,89.8,66.28,68.26,64.82
Female,21,teacher,other,66,no,1,1,yes,yes,no,yes,no,3,3,5,93.12,81.33,68,75.33,71.17
Female,23,services,teacher,90,no,3,0,yes,no,yes,yes,yes,4,4,3,80.48,76,58.57,67.33,62.47
Male,21,services,services,120,yes,3,0,yes,yes,no,yes,yes,3,3,4,74.24,75,66.15,65.6,62.47
Female,22,health,other,40,no,3,0,yes,yes,no,yes,yes,3,3,5,80,72,66.42,67.46,65.17
Female,22,health,health,78,no,1,1,no,no,no,yes,no,5,5,5,88,87,66.08,65.06,67.05
Male,21,services,services,200,no,2,1,yes,yes,no,yes,yes,3,4,5,90.08,89.3,65.42,71.33,64.47
Male,22,other,other,30,yes,1,0,no,yes,no,yes,yes,3,4,1,88.16,74,72.14,72,69.76
Male,21,other,other,86,no,2,1,no,yes,yes,yes,yes,3,4,2,91,62,75.14,71.73,69.64
Female,21,services,services,60,yes,1,0,yes,yes,yes,yes,yes,3,2,1,81.44,86.33,73.14,77.9,70
Female,22,teacher,health,96,yes,2,0,yes,no,yes,yes,no,2,2,5,91.68,91.5,79.42,72.8,67.76
Male,22,other,at_home,45,no,2,0,yes,no,yes,yes,yes,3,2,5,85,88,78.42,70,68.7
Female,21,services,other,32,no,2,0,yes,no,no,yes,yes,2,3,5,75.52,87.83,66.42,71.46,61.44
Male,22,health,teacher,20,yes,4,0,yes,no,yes,yes,no,4,4,4,88.64,87,56.85,64.4,43.41
Male,21,services,services,54,no,2,1,yes,no,yes,yes,yes,5,5,5,84.16,78.16,61.85,64.8,59.05
Male,21,other,services,90,yes,2,3,no,no,yes,yes,yes,4,3,1,64,66.7,0,0,46.82
Female,22,teacher,health,85,yes,2,0,yes,yes,yes,yes,yes,4,4,4,89.28,82,61.14,71.6,59.29
Female,21,services,services,100,no,2,1,no,no,yes,yes,yes,4,4,2,88.32,79,58.42,60.93,64.58
Female,21,teacher,services,64,no,1,1,yes,no,yes,yes,yes,4,3,1,6.8,84.17,62.57,61.46,64.23
Male,21,other,services,20,no,1,0,yes,no,yes,yes,yes,3,3,3,64,75,78.42,74.8,70.11
Female,22,services,other,25,no,1,0,yes,yes,no,yes,yes,3,3,5,93.76,87.83,75.71,68.8,68.94
Female,21,health,services,70,no,2,0,yes,yes,no,yes,yes,1,3,4,93.76,91.83,88.4,84.6,77.41
Male,27,other,other,80,no,2,0,yes,no,no,yes,yes,4,2,3,65.9,65.6,60.71,60.13,54.35
Female,24,other,other,10,no,2,0,yes,yes,no,yes,yes,3,2,5,78.88,75,61.85,55.73,63.29
Female,20,other,other,60,no,2,0,no,no,no,yes,yes,3,3,3,85.12,83,69.85,73.6,63.411
Male,21,other,other,180,no,2,0,yes,no,no,yes,yes,3,4,5,87.89,78.5,73.28,69.06,67.64
Male,23,other,other,150,yes,2,1,no,no,yes,yes,no,3,2,5,84.32,86.666,72,65.2,63.88
Male,24,other,services,40,no,1,0,yes,yes,yes,yes,yes,3,3,5,75,70,62.21,56.66,56.47
Female,22,teacher,other,200,no,2,0,yes,yes,yes,yes,yes,3,3,5,85,73,58.57,62.26,54.82
Female,21,teacher,other,55,no,3,0,no,no,yes,yes,yes,4,3,1,85.6,84,68.42,61.73,71.29
Female,21,other,other,67,no,2,0,no,yes,no,yes,yes,2,3,3,86.72,78.33,61.85,68,63.17
Female,21,other,other,88,no,2,0,yes,no,yes,no,yes,5,1,3,89.23,71,51.71,47.06,58.94
Male,22,at_home,other,94,no,4,0,yes,no,no,yes,yes,4,3,3,85.92,80.16,78.85,73.46,62.94
Female,21,other,services,54,no,4,2,yes,yes,yes,yes,yes,2,2,3,85.6,80,54.71,47.6,54.7
Female,22,other,other,32,no,2,0,no,yes,no,yes,yes,3,2,5,75,76,61.85,54.4,62.47
Male,22,services,other,80,no,4,0,yes,yes,no,yes,yes,4,4,5,75.04,78.16,66,52.4,51.88
Female,22,services,services,150,no,4,0,no,yes,yes,yes,yes,3,3,4,83.68,68.33,58.71,56.26,55.17
Female,21,other,other,62,no,4,0,yes,no,yes,yes,yes,3,2,4,92.32,87.66,80.42,80.4,72.82
Male,21,services,services,60,no,2,2,no,yes,no,yes,yes,4,4,5,81,68,54.28,48.133,47.17
Male,22,at_home,other,130,no,1,0,yes,no,no,yes,no,3,4,2,76.96,81.83,74,68.26,70.23
Female,22,other,other,180,no,2,0,yes,no,yes,yes,yes,3,3,1,77,71,70.42,64.13,67.17
Female,22,services,other,65,yes,2,0,no,yes,yes,yes,yes,4,2,3,76.58,80.33,40.57,45.6,52.11
Female,22,teacher,health,84,yes,4,0,yes,no,no,yes,no,1,3,5,82,78,68.71,64,61.05
Female,21,other,other,60,no,4,0,yes,yes,no,yes,yes,3,3,4,88.48,77.83,67.85,71.86,66.94
Female,21,services,other,30,no,1,0,no,yes,yes,yes,yes,5,5,1,79.52,70.83,59.57,66.26,58.7
Female,21,other,other,55,yes,2,0,yes,no,no,yes,no,3,3,2,81.28,87,74.14,70,68.82
Female,22,teacher,services,55,no,1,0,yes,yes,yes,yes,yes,3,3,1,83.6,78.3,61.85,65.33,56.82
Female,21,services,health,42,yes,3,0,yes,no,yes,yes,yes,3,4,4,83.2,77.66,65.42,65.73,63.52
Male,21,at_home,other,48,yes,2,0,yes,yes,yes,yes,yes,1,2,1,73.65,76.85,54.14,54.13,48.11
Male,21,services,other,70,no,2,0,yes,no,yes,yes,yes,3,3,4,68.36,73.5,51,50.93,44.94
Female,22,other,other,100,no,2,0,yes,yes,no,yes,no,3,5,5,78.45,80.5,79.42,75.6,67.41
Female,22,other,other,75,no,2,0,no,no,yes,yes,yes,3,4,1,90.4,68.83,59.85,56,65.05
Female,21,other,at_home,80,no,2,0,yes,yes,no,yes,yes,3,5,3,84.32,56,47.42,52.66,51.64
Female,21,services,services,150,no,3,0,yes,yes,yes,yes,yes,5,5,4,76,73,60.71,60.13,51.29
Female,21,services,teacher,25,no,2,0,yes,no,yes,yes,yes,4,3,4,71.64,72.5,62.71,61.46,54.94
Male,22,services,other,48,no,2,0,yes,no,yes,yes,yes,3,3,5,82,72,67.14,60.13,51.1
Female,21,services,other,70,no,3,0,yes,yes,no,yes,yes,3,5,2,94.01,81,83.14,80.8,77.76
Female,22,other,health,40,no,2,0,no,no,no,yes,no,3,3,4,81.12,79,80.57,67.86,68.82
Female,21,services,other,80,no,4,0,yes,no,yes,yes,yes,3,3,5,88.48,83.16,76,75.46,69.76
Female,21,other,other,48,yes,4,0,yes,yes,yes,yes,yes,3,5,1,87,75,64.71,60.4,51.64
Male,23,health,health,45,no,1,0,yes,yes,yes,yes,yes,4,5,4,90.56,73,60.85,60.55,54.58
Male,22,services,other,0,yes,1,4,yes,no,yes,yes,yes,1,2,2,67,45,69,70,62
Male,22,at_home,other,74,no,3,2,no,no,yes,yes,yes,1,2,5,77,60,64.36,59.321,40
Male,22,teacher,other,200,yes,1,0,no,no,no,yes,yes,5,2,3,64,68,56,50,49
Male,22,health,services,30,no,3,2,no,no,yes,yes,yes,4,2,5,75,70,28,26,65
Male,21,teacher,teacher,45,no,1,0,yes,no,yes,yes,yes,4,4,5,79.52,59,58,56,52
Male,21,other,teacher,60,no,2,1,yes,no,yes,yes,no,4,3,2,92,79.81,50,58,42
Male,21,other,services,45,yes,2,0,no,no,yes,yes,yes,4,2,5,78.4,76.33,48,52,48
Male,22,other,other,80,yes,4,2,yes,no,yes,yes,yes,2,4,5,73.44,0,50,48,56
Female,21,other,other,75,no,4,0,no,no,no,yes,yes,4,3,4,84.84,59.5,58,63,63
Male,22,at_home,services,0,no,3,0,no,no,no,yes,yes,2,3,1,8.8,60,62,67,80
Male,22,services,services,15,no,4,0,yes,yes,yes,yes,yes,5,4,5,65,60,53,57,63
Male,21,other,health,78,yes,3,0,yes,yes,yes,yes,yes,2,2,5,83,72,69,75,70
Male,22,health,other,95,yes,1,0,yes,no,yes,yes,yes,4,4,5,75.36,73.66,51,57,68
Male,22,other,other,48,yes,3,0,no,yes,no,yes,yes,4,4,5,87.8,86,60,72,62
Male,21,services,services,71,yes,2,0,no,no,no,yes,yes,5,5,5,68.4,67,48,56,52
Male,21,other,other,30,no,1,1,no,no,yes,yes,yes,3,2,1,75.33,60.33,51,62,57
Male,21,at_home,other,40,yes,2,1,yes,no,no,no,no,4,2,5,8.4,74.6,61,66,72
Female,21,services,other,60,no,2,0,yes,no,yes,yes,yes,3,3,4,80.8,77,71,77,77
Male,22,teacher,teacher,20,no,2,3,no,yes,yes,yes,yes,5,5,4,81.76,76,43,57,57
Female,21,services,teacher,80,no,1,0,yes,no,no,yes,yes,2,2,5,92,75.6,77,84,82
Male,21,at_home,other,85,yes,2,0,yes,no,yes,yes,yes,3,3,4,84,80,72,74,80
Female,22,other,other,150,yes,1,0,yes,no,no,yes,yes,4,4,5,80.32,75.5,65,73,65
Male,21,services,other,90,no,2,0,no,no,no,yes,yes,2,1,5,64,62,60,66,67
Female,23,at_home,teacher,27,no,4,0,yes,no,no,yes,no,3,3,5,67.68,57.5,54,60,60
Female,22,services,at_home,15,no,2,0,yes,no,yes,yes,yes,3,3,5,82.4,70,52,52,63
Male,21,at_home,other,28,yes,1,0,no,no,no,yes,no,4,5,5,84,70,64,60,68
Female,21,other,other,10,yes,2,0,yes,no,yes,yes,yes,3,2,5,89,84.6,68,72,77
Female,21,services,other,16,yes,1,0,no,no,no,yes,no,4,4,5,86.72,78.33,69,81,83
Female,21,teacher,teacher,0,no,2,0,no,no,yes,yes,yes,3,2,5,86,80,60,67,70
Male,21,teacher,services,15,no,2,0,yes,no,no,yes,yes,2,2,3,92.8,84,65,69,66
Male,22,services,services,50,no,1,0,yes,no,yes,yes,yes,3,3,2,69,69,65,67,66
Male,21,teacher,services,30,yes,1,0,yes,yes,yes,yes,yes,2,2,5,82,80,67,73,73
Female,21,at_home,at_home,38,no,3,0,no,no,no,yes,yes,4,4,1,77.6,56,44,54,57
Male,21,other,other,120,no,1,2,yes,no,no,yes,yes,4,5,5,82.4,73.5,49,56,64
Female,22,other,services,100,no,1,3,yes,yes,no,yes,yes,4,2,5,92.3,84.7,70,80,76
Female,21,health,services,90,yes,1,0,yes,no,no,yes,yes,3,2,3,88.16,82.13,73,72,75
Female,21,at_home,other,68,yes,2,0,yes,yes,no,yes,yes,3,2,5,83.52,82,67,67,67
Male,22,teacher,teacher,53,no,3,0,yes,no,no,no,yes,3,2,5,79.52,85.83,44,63,66
Male,22,services,other,101,no,2,0,no,no,no,yes,yes,5,5,5,90.72,85.66,53,72,68
Male,22,other,other,98,no,1,0,no,no,no,no,yes,3,5,4,71.36,83,65,69,74
Male,22,at_home,other,78,no,2,0,no,no,yes,yes,no,4,4,5,73,68,50,52,65
Male,21,services,services,58,no,1,0,yes,yes,yes,yes,yes,2,1,3,87.36,78.6,65,74,66
Male,21,services,at_home,128,no,4,2,yes,no,no,no,yes,5,4,4,70,75,55,69,66
Male,21,other,teacher,45,no,1,3,yes,no,no,yes,no,2,1,4,82,76,54,63,55
Male,22,at_home,services,128,no,3,0,no,yes,yes,yes,no,4,4,1,80,77.3,69,66,67
Male,21,other,other,45,yes,1,1,no,no,no,yes,no,2,2,5,77,85,61,68,67
Male,22,at_home,other,72,yes,1,0,yes,no,yes,yes,no,2,5,4,65,56,53,59,59
Female,22,at_home,other,18,no,2,0,no,no,no,yes,no,2,2,3,85,78,76,78,79
Male,21,other,services,16,no,2,0,yes,yes,no,yes,yes,5,5,5,84,71,66,71,70
Female,22,at_home,other,48,no,2,0,no,no,yes,no,yes,3,2,5,85.28,81,70,82,80
Female,22,other,other,79,no,1,0,yes,no,no,yes,yes,4,4,3,85.65,77,65,70,77
Male,21,other,other,50,no,1,0,no,no,yes,yes,no,4,4,5,75,74.5,65,70,73
Male,21,at_home,services,68,no,1,1,no,no,no,no,yes,3,3,2,83,72,61,69,70
Male,21,other,services,93,no,1,0,no,no,yes,no,no,3,5,5,83.2,60.5,57,66,73
Male,21,services,services,47,yes,3,0,yes,no,yes,no,no,5,2,2,80.8,82.33,65.28,56.13,66.35
Male,22,other,other,43,yes,1,0,no,no,no,no,yes,3,5,4,88.18,74,65.28,64,66.58
Male,21,health,services,38,yes,1,0,no,yes,no,yes,yes,2,3,3,72.32,59.66,42.71,47.06,57.17
Male,21,other,other,33,no,2,0,yes,yes,no,yes,yes,1,5,4,82.24,75.33,72.42,70.8,73.88
Male,22,health,health,15,yes,1,0,yes,yes,no,yes,yes,4,2,3,90.08,76.66,78.42,70.4,78.11
Male,21,other,other,18,no,1,1,yes,no,yes,yes,yes,4,5,2,84.5,77.5,78,69.6,62.23
Male,23,other,other,0,no,1,0,yes,yes,yes,yes,yes,3,2,3,68,56,58.42,49.6,63.17
Male,22,teacher,other,54,yes,2,1,yes,yes,yes,yes,yes,4,4,5,79.82,64,15.71,44.13,63.41
Male,21,at_home,services,25,yes,1,0,no,no,yes,yes,yes,3,5,3,91,80,77.28,74.53,82.82
Male,21,other,other,87,yes,2,1,yes,yes,yes,yes,yes,4,5,4,74.5,79.66,60.57,63.33,60.47
Male,21,teacher,other,26,no,1,1,no,yes,yes,yes,yes,4,4,4,70,65,54,55.86,56
Male,23,services,other,54,no,1,3,no,yes,yes,yes,yes,4,4,5,91.52,68.58,56,52.93,63.64
Male,21,other,other,52,no,2,0,no,no,yes,yes,yes,3,4,4,82,70,55.57,56.93,58.23
Male,22,teacher,services,87,no,1,1,yes,no,yes,yes,yes,3,3,3,75.5,69.5,55,50.66,64.23
Male,22,other,other,69,no,2,0,yes,no,yes,yes,yes,2,3,2,88,80,73,62.53,72.23
Male,21,teacher,other,25,no,2,1,yes,yes,yes,yes,yes,4,3,3,65,86.66,46.28,51.86,53.52
Male,22,services,other,47,no,2,0,no,yes,yes,yes,yes,2,3,3,89.28,79.16,73.42,71.6,78.94
Male,21,services,services,89,no,2,1,yes,no,yes,yes,no,4,2,5,69.76,69.144,50.28,46.13,54.47
Male,21,other,other,45,no,1,0,yes,no,yes,yes,yes,3,3,1,81.76,58,57.57,58.26,67.05
Male,22,other,other,75,no,2,0,yes,yes,no,yes,yes,2,2,1,76,73,58.71,52,55.88
Female,22,services,services,26,yes,2,0,yes,no,yes,yes,yes,3,4,4,80.48,75,62.2,69.2,69.65
Male,21,services,services,42,no,2,0,yes,yes,yes,yes,yes,3,3,3,83.84,72.1,63.57,53.93,54.59
Female,22,other,other,48,no,2,0,no,yes,yes,yes,yes,2,3,5,91,87,79.86,73.47,67.29
Male,21,health,other,57,no,2,0,yes,no,no,yes,yes,3,3,3,76,54,76.86,56.13,54
Female,21,at_home,other,69,yes,2,0,no,no,no,yes,no,1,3,3,89.12,77,79.43,76.67,73.88
Male,22,services,services,25,no,2,4,no,no,no,yes,yes,3,3,2,76.73,66.33,70.71,62.8,56.94
Female,21,at_home,services,42,yes,1,0,no,no,yes,yes,yes,3,3,3,84.96,83.5,80.57,76,72.59
Female,21,at_home,services,41,no,2,0,no,yes,yes,yes,yes,4,4,5,84,70.7,66.57,54.4,61.76
Male,21,services,services,57,no,2,0,yes,no,yes,yes,yes,3,2,5,67,80,71.57,62.13,64.71
Female,22,other,other,100,no,2,0,no,no,no,yes,yes,3,3,3,86,81,77.71,71.07,71.06
Female,21,services,services,25,no,2,0,no,no,yes,yes,yes,3,2,5,83,83,69.43,65.87,72.35
Female,27,services,teacher,48,no,2,0,no,no,no,yes,yes,2,3,5,74.42,74.5,69.14,57.2,58.82
Female,24,teacher,other,78,no,2,0,yes,yes,yes,yes,yes,3,4,3,69,76,70.86,68.67,68.35
Female,20,services,teacher,98,no,2,0,yes,no,no,yes,yes,2,4,2,88.48,79.66,77.14,72.93,65.53
Male,21,teacher,teacher,75,no,1,1,yes,yes,no,yes,yes,5,2,3,78,74,71.14,67.33,58.35
Female,23,health,other,65,no,2,0,yes,no,yes,yes,yes,3,5,2,90.5,65.3,67.43,67.07,66.24
Female,24,other,other,25,yes,2,0,yes,yes,yes,yes,no,4,3,4,92.33,83,79.86,73.87,62.47
Female,22,other,other,23,yes,2,0,yes,yes,no,yes,no,4,4,1,94,85,71.14,67.33,58.35
Female,21,other,other,54,yes,2,3,yes,no,no,yes,yes,3,2,3,79,62,29.57,50.4,46.94
Female,21,services,services,47,no,2,1,yes,yes,yes,yes,yes,3,5,5,83.84,81.67,78.14,49.33,60
Female,21,at_home,services,87,no,2,0,yes,yes,no,yes,yes,4,3,5,87.36,81.83,70.14,57.33,63.41
Male,22,services,other,41,no,1,0,yes,yes,no,yes,yes,3,3,4,73,75,69.57,57.6,61.06
Male,21,teacher,other,51,no,1,0,no,yes,yes,yes,yes,3,2,1,86,67,59.43,52,59.88
Male,22,at_home,other,47,no,2,0,yes,yes,no,yes,no,3,2,5,81.74,85.667,76,75.47,63.29
Male,22,teacher,other,100,no,1,0,yes,yes,yes,yes,yes,4,2,4,73,79,60.29,54.93,62
Female,22,other,other,0,no,1,0,yes,yes,yes,yes,yes,3,3,3,95.2,83,54.71,47.33,60.59
Male,21,services,other,105,no,1,0,yes,yes,no,yes,yes,3,5,3,89,75,62,55.87,58.59
Male,21,other,other,42,no,2,0,yes,yes,no,yes,yes,3,4,4,82.72,75.2,64.86,59.33,64.71
Female,22,services,other,57,no,2,0,yes,yes,yes,yes,yes,4,4,5,82.72,71.32,64.71,69.2,62.24
Male,22,services,other,40,no,2,0,yes,yes,no,yes,no,2,1,3,63.52,67.33,59.14,45.6,49.18
Female,22,other,other,60,no,2,0,no,yes,no,yes,yes,4,4,1,92,72,56.86,64.13,64.24
Female,22,other,other,154,no,1,0,no,yes,no,yes,yes,4,5,1,89.59,88.64,81,51.87,53.29
Female,21,services,health,42,no,4,1,yes,yes,no,yes,yes,2,4,4,68,62,84.57,76.8,74.71
Male,21,at_home,other,18,no,3,0,yes,yes,no,yes,no,3,3,3,94.4,80.33,75.43,67.47,64.35
Female,21,at_home,at_home,74,no,2,0,yes,yes,yes,yes,yes,3,3,4,84.64,76.16,58.37,53.07,66.47
Female,22,at_home,services,52,no,2,0,yes,no,yes,yes,yes,2,5,5,92,79,77.57,79.33,77.29
Female,21,at_home,other,40,no,1,0,yes,no,yes,yes,no,3,4,5,84,80,74.57,76.8,78.82
Female,21,services,teacher,62,no,3,0,no,no,no,yes,yes,3,1,3,93,91,75.29,79.41,73.65
Female,21,other,other,58,no,4,0,yes,yes,no,yes,yes,3,3,4,89.62,88.16,83.43,80.27,76.24
Female,22,teacher,services,70,no,2,0,yes,no,yes,yes,yes,3,2,5,89,83,81,77.2,62.94
Male,22,other,other,95,no,2,0,no,no,yes,yes,yes,3,3,4,92,76,64.86,60.53,58
Male,21,other,other,84,no,2,0,no,no,yes,yes,yes,3,4,3,84,78.16,71.14,70.27,69.06
Female,21,services,services,125,no,1,1,yes,yes,no,yes,yes,3,3,3,90.4,84.6,75,71.87,62.12
Female,21,at_home,other,4,no,2,0,yes,yes,yes,yes,yes,3,2,3,79.04,71.66,8,55.47,54.12
Female,22,other,other,47,no,2,0,no,no,yes,yes,yes,2,3,3,91,90,83.29,79.73,76.12
Male,21,health,other,49,no,2,0,no,no,yes,yes,yes,2,3,3,80,80,75.86,58.67,62.71
Female,21,other,other,65,no,1,0,yes,yes,yes,yes,yes,5,2,1,86.72,88.33,83.71,77.33,80
Female,22,teacher,teacher,22,no,3,0,yes,no,yes,yes,yes,5,5,2,85,74,18,63.6,56.12
Female,21,health,other,47,no,2,0,yes,yes,yes,yes,yes,2,4,1,79,69,74.14,6.34,63.65
Male,21,other,other,85,no,3,0,yes,yes,no,yes,yes,4,2,5,92.96,85.83,96.71,63.2,55.18
Female,21,at_home,other,41,no,2,0,no,no,yes,yes,yes,3,3,2,96.48,95.5,83.71,84,79.53
Male,23,other,other,0,yes,2,0,no,yes,yes,yes,yes,4,2,4,92,84,72.29,65.47,63.88
Female,22,other,other,0,yes,3,0,no,no,no,yes,yes,5,2,5,88.48,85.83,77.29,76.27,72.71
Female,22,at_home,services,5,no,2,0,no,no,yes,yes,no,1,1,3,87.68,75.5,70.29,58.8,60.12
Female,22,other,services,41,no,2,1,no,no,no,no,yes,5,4,2,71.52,68.67,76.86,70.4,70.82
Male,22,health,other,18,yes,2,0,no,no,yes,yes,yes,5,5,5,89,86,80.57,74.27,74.12
Female,22,teacher,other,45,yes,2,0,yes,yes,no,yes,yes,3,3,4,89.6,87.4,63.43,65.33,68.24
Female,21,teacher,other,75,no,3,0,no,no,yes,yes,yes,4,5,3,85,80,68.86,66.93,63.76
Female,21,services,services,89,no,2,0,no,no,yes,yes,yes,3,2,5,73.44,73.16,78.86,74.13,71.88
Female,21,other,other,53,no,2,0,yes,yes,no,yes,yes,4,4,3,83.04,77.33,79.57,69.47,72.35
Male,22,other,other,62,no,2,0,no,no,no,yes,yes,3,3,4,85.92,76.16,68.43,69.6,63.76
Male,21,other,other,60,no,2,0,no,no,no,yes,yes,2,2,2,96,74.3,76.43,69.2,63.88
Female,22,services,services,82,no,2,0,no,no,no,no,yes,4,5,1,90,80,68,61.2,57.88
Male,22,other,services,55,no,3,1,yes,no,no,yes,yes,3,3,5,72,72,71,66.53,4.12
Male,21,other,other,58,no,2,0,no,yes,no,yes,yes,3,2,5,88.48,79.83,77,69.73,54.59
Male,22,services,other,53,no,1,0,no,no,no,no,yes,4,5,5,77.12,67.63,72.43,64.13,61.76
Male,22,at_home,other,62,no,2,0,yes,no,no,yes,yes,3,3,2,84,76,58,50.4,53.76
Female,21,services,services,20,no,2,1,no,no,no,no,yes,2,5,5,70,69,71,66.53,4.12
Male,21,other,other,54,no,2,0,no,no,yes,yes,no,3,2,3,93.44,78,77.43,73.47,66.24
Female,21,other,other,10,no,2,0,no,no,no,yes,yes,4,2,5,87.8,80,78.14,70.67,66.94
Female,21,health,other,12,no,1,0,yes,no,yes,yes,yes,4,4,5,70.56,80.5,84.71,75.87,62.35
Female,22,teacher,services,15,no,1,0,yes,yes,yes,yes,yes,2,3,4,88,81,74.29,71.6,68.12
Female,21,services,at_home,24,no,3,0,yes,no,no,yes,yes,3,1,1,68,63,71.86,73.47,70.12
Male,21,other,other,32,yes,1,0,no,no,yes,yes,yes,2,4,4,78.88,67.6,70.29,66.4,72.71
Male,22,services,services,10,yes,1,0,no,yes,yes,yes,yes,4,1,2,91.03,84.3,71.29,58.53,61.18
Female,21,services,other,18,yes,1,1,yes,yes,no,yes,yes,1,2,2,79,65,75.57,60,57.53
Female,23,teacher,other,17,yes,2,0,yes,yes,no,yes,yes,3,2,3,95.04,80,77.71,65.2,62.47
Female,22,other,other,27,yes,1,0,no,no,yes,yes,no,3,2,3,87.68,84,84.57,80.8,80.24
Male,22,other,other,28,no,1,0,no,no,yes,yes,no,2,3,4,86.56,70,6.29,58.93,63.06
Female,22,at_home,services,42,no,2,0,yes,yes,yes,yes,yes,3,3,3,93.28,83.5,83.14,79.87,75.76
Male,21,other,other,23,no,1,2,yes,yes,yes,yes,yes,2,5,1,86,70,59,53.33,66
Female,21,services,other,26,no,1,1,no,yes,yes,yes,yes,4,4,5,84,78,51.14,11.87,45.88
Male,22,other,other,15,yes,4,0,yes,no,no,no,yes,3,5,3,78.5,79,63.42,68.13,74
Male,21,other,services,48,no,2,3,yes,yes,yes,yes,yes,3,5,5,82.56,65.83,79.28,48.8,62.29
Male,22,other,services,72,yes,2,0,yes,yes,yes,yes,yes,5,5,2,84.16,74,68.28,66,72.47
Male,22,other,other,12,no,4,0,yes,yes,no,yes,no,4,3,3,76.166,74.166,56.71,54,64.11
Male,23,at_home,at_home,14,no,2,1,yes,yes,yes,yes,no,5,2,1,84.64,72,51.85,56,65.17
Male,22,at_home,health,75,no,2,4,yes,yes,no,yes,yes,3,3,1,70,63,44.57,41.6,51.52
Male,21,services,other,24,yes,3,3,yes,yes,no,yes,yes,4,4,5,68.64,68.16,50.85,41.2,55.52
Male,21,other,services,26,yes,3,1,no,no,no,no,yes,1,1,5,85,73,42.71,46.4,52.58
Male,22,teacher,services,28,no,3,0,no,yes,yes,yes,yes,2,4,3,85.33,78.66,66.57,61.73,66.7
Male,21,health,health,20,no,2,0,yes,no,yes,yes,yes,4,4,4,85.12,70.83,70,63.6,69.64
Male,22,teacher,services,35,no,2,0,no,yes,yes,yes,yes,2,3,1,72.16,66.16,60.71,52.53,55.29
Female,21,services,other,58,yes,2,0,no,yes,yes,yes,yes,5,4,5,70.23,59.6,59.31,48,58.82
Female,22,teacher,services,54,yes,2,1,no,no,no,yes,yes,4,4,3,76.25,69.36,60.71,52.8,55.29
Male,21,at_home,other,75,yes,2,0,yes,yes,yes,yes,no,2,2,3,72,70,70.6,61.06,73.41
Male,21,other,other,86,no,2,0,no,no,yes,yes,yes,4,4,4,81.78,71,64.3,68.26,71.41
Male,21,other,other,12,no,4,0,yes,no,no,yes,yes,4,5,5,86,73.48,63.2,55.2,61.88
Female,21,other,other,13,no,2,0,no,yes,no,yes,yes,3,3,4,80.49,63,48.14,61.33,59.52
Female,21,at_home,at_home,42,yes,2,0,yes,yes,no,yes,yes,3,3,2,87.84,64.45,52.42,53.06,64.58
Male,21,services,teacher,25,no,2,0,yes,yes,no,yes,yes,3,3,3,86,73,66.14,64.4,65.41
Male,22,services,services,36,no,2,0,no,yes,yes,yes,yes,2,4,2,65,55,52.14,48.93,56.23
Male,21,teacher,teacher,35,no,2,0,yes,yes,yes,yes,yes,4,3,2,74,56,55.28,62.4,63.52
Male,21,teacher,other,34,yes,1,0,yes,yes,yes,yes,yes,3,2,5,85.44,65.33,57.42,54.4,59.52
Male,22,health,services,38,yes,2,3,yes,yes,no,yes,yes,2,2,3,75.52,69.16,55.85,52.66,58.58
Male,21,services,at_home,37,no,1,0,no,no,no,yes,yes,4,3,5,80.8,79.33,76.71,66.26,75.52
Male,21,services,other,42,no,1,0,yes,yes,no,yes,no,1,2,3,78,73,60,64.8,70.1
Male,22,services,other,40,no,1,0,yes,yes,yes,yes,yes,4,2,4,68.64,61.5,52.42,50,49.5
Male,22,health,other,10,no,4,0,yes,yes,no,yes,yes,4,3,5,80.64,83.16,68.14,66.66,74.11
Female,22,health,other,12,no,2,0,yes,yes,yes,yes,yes,3,4,2,89.12,77.83,78.57,77.06,75.88
Male,22,other,other,20,no,2,0,yes,yes,no,yes,yes,4,5,2,81.44,78,65.28,60.4,62.58
Male,21,other,other,25,no,2,2,yes,yes,no,yes,yes,3,3,3,63.2,53.17,46,49.86,53.52
Male,21,teacher,teacher,39,no,3,0,yes,yes,no,yes,yes,4,2,1,68,67,62,65.2,69.41
Male,21,health,other,38,yes,3,0,yes,no,no,yes,yes,2,4,4,74,78,72.85,66.93,69.76
Male,22,other,teacher,75,yes,3,0,no,yes,no,yes,yes,1,1,5,84.96,78.17,73.14,57.73,66.94
Male,21,other,other,20,no,2,0,yes,yes,no,yes,yes,3,3,3,78,69,50.57,47.33,57.05
Male,22,health,health,48,no,2,5,yes,yes,yes,yes,yes,2,2,5,74.88,59,58.14,59.73,54.35
Male,21,other,other,75,no,3,0,yes,no,yes,yes,yes,4,4,3,92,75,60.36,54.26,58
Male,22,services,at_home,62,no,2,0,yes,yes,yes,yes,yes,4,3,3,75,64,53.14,53.73,60.82
Male,22,services,other,15,no,4,0,no,no,yes,yes,no,5,3,5,82.24,70.12,59.42,54.26,59.64
Female,21,at_home,other,45,no,3,0,no,no,no,yes,no,3,4,5,93.2,81.33,69,74.4,69.17
Male,22,at_home,services,50,no,5,1,yes,no,yes,yes,yes,3,3,3,87.68,87.33,81.85,82,75.52
Female,21,other,other,110,no,4,0,yes,no,no,yes,yes,3,2,4,94.8,89.8,66.28,68.26,64.82
Female,23,at_home,teacher,300,no,3,0,yes,no,no,yes,yes,2,2,4,93.12,81.33,68,75.33,71.17
Female,24,at_home,services,10,no,3,0,yes,no,yes,yes,no,3,2,1,80.48,76,58.57,67.33,62.47
Female,22,at_home,at_home,45,no,4,0,yes,no,yes,yes,yes,4,2,5,74.24,75,66.15,65.6,62.47
Male,21,at_home,other,15,no,5,0,yes,no,yes,yes,yes,4,4,4,80,72,66.42,67.46,65.17
Male,21,at_home,other,0,no,2,0,yes,no,yes,yes,no,1,4,3,88,87,66.08,65.06,67.05
Male,21,at_home,other,0,no,3,1,no,no,no,yes,yes,2,2,5,90.08,89.3,65.42,71.33,64.47
Female,22,at_home,at_home,0,no,4,0,yes,no,no,yes,yes,5,1,5,88.16,74,72.14,72,69.76
Female,21,at_home,other,90,no,6,0,yes,no,yes,yes,yes,3,3,3,91,62,75.14,71.73,69.64
Female,22,at_home,other,15,no,3,0,yes,no,no,yes,yes,2,2,5,81.44,86.33,73.14,77.9,70
Female,22,at_home,teacher,100,no,1,0,yes,no,yes,yes,yes,3,3,2,91.68,91.5,79.42,72.8,67.76
Female,22,at_home,other,90,no,3,0,yes,yes,no,yes,yes,4,3,5,85,88,78.42,70,68.7
Male,21,at_home,services,0,no,8,0,yes,no,no,yes,yes,5,2,2,75.52,87.83,66.42,71.46,61.44
Female,21,at_home,other,0,no,6,0,yes,no,yes,yes,yes,4,4,4,88.64,87,56.85,64.4,43.41
Female,22,at_home,other,50,no,1,0,yes,no,no,yes,yes,2,3,3,84.16,78.16,61.85,64.8,59.05
Female,22,at_home,other,50,no,8,0,yes,no,yes,yes,no,3,2,4,64,66.7,0,0,46.82
Female,22,at_home,other,15,no,8,0,yes,no,yes,yes,yes,5,5,3,89.28,82,61.14,71.6,59.29
Female,22,other,other,40,no,2,0,yes,no,yes,yes,yes,1,3,2,88.32,79,58.42,60.93,64.58
Female,21,at_home,other,30,no,2,0,yes,no,yes,yes,yes,4,1,3,6.8,84.17,62.57,61.46,64.23
Female,21,at_home,other,40,no,2,0,yes,no,no,yes,yes,4,2,5,64,75,78.42,74.8,70.11
Female,21,at_home,other,25,no,3,0,yes,no,no,yes,yes,5,1,3,93.76,87.83,75.71,68.8,68.94
Male,22,at_home,other,20,no,2,0,yes,no,no,yes,yes,4,4,4,93.76,91.83,88.4,84.6,77.41
Female,21,at_home,services,10,no,2,1,yes,no,no,no,yes,3,2,4,65.9,65.6,60.71,60.13,54.35
Female,21,other,health,180,no,2,1,yes,yes,no,yes,yes,2,2,5,78.88,75,61.85,55.73,63.29
Female,21,at_home,other,0,no,2,0,yes,no,yes,yes,yes,2,2,4,85.12,83,69.85,73.6,63.411
Male,22,at_home,other,90,no,2,0,yes,no,yes,no,yes,2,4,3,87.89,78.5,73.28,69.06,67.64
Male,22,teacher,teacher,0,no,2,0,yes,no,yes,yes,yes,3,3,2,84.32,86.666,72,65.2,63.88
Female,21,at_home,other,45,no,2,0,yes,no,no,no,yes,4,5,3,75,70,62.21,56.66,56.47
Female,21,at_home,other,0,no,3,0,no,no,no,yes,yes,4,2,3,85,73,58.57,62.26,54.82
Male,21,at_home,other,30,yes,1,1,no,no,no,yes,yes,3,1,5,85.6,84,68.42,61.73,71.29
Female,22,teacher,other,20,yes,2,0,yes,yes,yes,yes,yes,5,2,1,86.72,78.33,61.85,68,63.17
Male,21,at_home,services,22,no,3,0,yes,no,yes,yes,yes,3,2,1,89.23,71,51.71,47.06,58.94
Female,21,at_home,other,25,no,1,0,yes,no,no,yes,yes,4,3,4,85.92,80.16,78.85,73.46,62.94
Female,22,at_home,other,10,yes,3,0,yes,no,yes,yes,no,5,1,3,85.6,80,54.71,47.6,54.7
Female,21,services,services,180,yes,2,0,yes,no,yes,yes,yes,4,3,5,75,76,61.85,54.4,62.47
Female,21,at_home,other,0,no,1,0,yes,no,no,yes,yes,4,3,3,75.04,78.16,66,52.4,51.88
Female,21,at_home,other,90,no,1,0,yes,no,yes,yes,yes,3,2,3,83.68,68.33,58.71,56.26,55.17
Female,23,at_home,other,0,no,2,0,yes,no,yes,yes,no,3,1,2,92.32,87.66,80.42,80.4,72.82
Female,22,at_home,other,45,no,1,3,yes,no,no,yes,yes,3,3,3,81,68,54.28,48.133,47.17
Male,22,at_home,other,0,no,2,2,yes,no,yes,yes,yes,4,3,5,76.96,81.83,74,68.26,70.23
Female,21,at_home,other,30,no,2,0,yes,no,yes,yes,yes,3,3,5,77,71,70.42,64.13,67.17
Male,21,teacher,other,20,no,3,2,yes,no,yes,yes,yes,4,1,3,76.58,80.33,40.57,45.6,52.11
Female,21,at_home,other,22,no,1,0,yes,no,yes,yes,yes,3,3,5,82,78,68.71,64,61.05
Female,22,at_home,other,25,no,1,0,yes,no,yes,yes,yes,2,2,5,88.48,77.83,67.85,71.86,66.94
Male,22,at_home,other,20,no,1,0,yes,no,yes,yes,yes,3,5,3,79.52,70.83,59.57,66.26,58.7
Female,21,other,other,10,no,2,0,yes,no,yes,yes,yes,2,2,2,81.28,87,74.14,70,68.82
Female,22,health,other,180,no,2,0,yes,no,yes,yes,no,3,3,3,83.6,78.3,61.85,65.33,56.82
Male,22,at_home,other,98,no,2,0,yes,no,yes,yes,yes,4,4,2,83.2,77.66,65.42,65.73,63.52
Female,23,at_home,other,75,no,2,2,yes,no,no,yes,yes,3,3,4,73.65,76.85,54.14,54.13,48.11
Male,22,teacher,at_home,65,no,2,1,yes,no,yes,yes,yes,3,3,5,68.36,73.5,51,50.93,44.94
Female,21,at_home,other,25,no,5,0,yes,no,no,yes,no,5,5,3,78.45,80.5,79.42,75.6,67.41
Female,21,at_home,other,23,yes,2,0,yes,no,yes,yes,yes,3,4,4,90.4,68.83,59.85,56,65.05
Female,22,at_home,other,54,yes,3,2,yes,no,yes,yes,yes,3,4,4,84.32,56,47.42,52.66,51.64
Male,21,at_home,other,47,yes,4,0,yes,no,yes,yes,yes,3,4,1,76,73,60.71,60.13,51.29
Female,22,at_home,other,87,yes,6,0,yes,no,yes,yes,yes,3,2,5,71.64,72.5,62.71,61.46,54.94
Female,21,at_home,other,41,yes,3,3,yes,yes,yes,yes,no,2,2,4,82,72,67.14,60.13,51.1
Female,22,at_home,at_home,51,no,1,0,yes,no,yes,yes,yes,3,2,3,94.01,81,83.14,80.8,77.76
Male,21,at_home,other,47,no,3,3,yes,no,yes,yes,yes,2,3,5,81.12,79,80.57,67.86,68.82
Female,21,at_home,other,100,no,8,0,yes,no,yes,yes,no,4,4,5,88.48,83.16,76,75.46,69.76
Female,21,at_home,services,0,no,6,0,yes,no,yes,yes,yes,5,5,3,87,75,64.71,60.4,51.64
Female,21,at_home,other,105,yes,1,3,yes,no,no,yes,yes,4,3,5,90.56,73,60.85,60.55,54.58
Male,21,teacher,services,42,no,8,3,yes,no,yes,yes,yes,4,4,2,67,45,69,70,62
Male,21,at_home,other,57,yes,8,1,yes,no,yes,yes,yes,4,4,5,77,60,64.36,59.321,40
Female,22,at_home,other,40,no,2,2,yes,no,yes,yes,yes,4,3,2,64,68,56,50,49
Male,21,at_home,other,60,no,2,3,yes,no,yes,yes,yes,3,3,4,75,70,28,26,65
Female,21,at_home,other,33,no,2,0,yes,no,yes,yes,yes,3,3,3,79.52,59,58,56,52
Female,22,at_home,other,82,yes,3,0,yes,no,yes,yes,yes,1,3,4,92,79.81,50,58,42
Female,21,teacher,other,63,yes,2,0,yes,no,yes,yes,yes,4,2,3,86.4,75.2,60.7,67.14,55.76
Female,21,at_home,other,100,no,2,3,yes,no,yes,yes,yes,3,2,2,79.89,84.5,74.42,67.73,65.64
Male,22,other,other,20,no,2,0,yes,no,no,yes,yes,3,3,3,83.84,70.92,52.58,63.5,42.11
Female,22,at_home,other,54,no,2,1,yes,yes,no,yes,yes,3,4,5,86.4,87,74.35,81.87,66
Female,22,teacher,other,10,yes,2,2,yes,no,yes,yes,yes,3,2,3,71,75,60,63.5,49.49
Male,22,at_home,other,12,yes,2,2,yes,no,yes,yes,yes,3,3,4,86.4,75.2,60.7,67.14,55.76
Female,21,teacher,teacher,15,yes,2,1,yes,no,yes,yes,yes,3,3,4,79.89,84.5,74.42,67.73,65.64
Female,21,at_home,teacher,24,no,3,0,yes,no,yes,yes,no,4,3,5,64,66,78.14,66.4,64.35
Female,21,at_home,other,32,yes,1,3,yes,no,no,yes,yes,2,3,4,88,87.33,72.85,66.26,61.04
Female,22,at_home,other,10,no,2,1,yes,no,no,yes,yes,5,1,3,87.04,76.33,68.47,63.33,60.58
Female,21,other,other,34,no,3,0,yes,no,no,no,no,4,3,2,91,76,74.71,56,60.48
Female,22,at_home,other,38,no,1,0,yes,no,yes,yes,yes,2,2,3,68.7,80.01,65.14,67.6,67.88
Female,21,at_home,other,37,no,3,0,yes,no,no,yes,yes,3,2,3,88.48,85,88.57,79.86,81.05
Female,22,teacher,other,42,no,2,0,yes,no,no,yes,no,4,4,5,73,70,69.14,57.86,57.88
Male,22,at_home,other,40,no,1,2,yes,no,no,yes,yes,3,3,1,79.66,72,72.57,66.4,72.35
Female,21,at_home,other,10,no,1,0,yes,no,yes,yes,yes,3,2,1,83.84,86.33,64.85,58,45.05
Male,21,at_home,other,12,no,2,0,yes,no,yes,yes,yes,4,4,4,88.48,75,67.85,59.2,55.05
Female,21,at_home,other,33,no,1,3,yes,no,yes,yes,yes,3,4,3,84.8,88.8,78.3,73.66,69.04
